1,2
1,3
1,4
1,5
1,6
1,7
1,8
1,9
1,10
1,11
1,12
1,13
1,14
1,15
1,16
1,17
1,18
1,19
1,20
1,21
1,22
1,23
1,24
1,25
2,3
2,4
2,5
2,6
2,7
2,8
2,9
2,10
2,11
2,12
2,13
2,14
2,15
2,16
2,17
2,18
2,19
2,20
2,21
2,22
2,23
2,24
2,25
3,4
3,5
3,6
3,7
3,8
3,9
3,10
3,11
3,12
3,13
3,14
3,15
3,16
3,17
3,18
3,19
3,20
3,21
3,22
3,23
3,24
3,25
4,5
4,6
4,7
4,8
4,9
4,10
4,11
4,12
4,13
4,14
4,15
4,16
4,17
4,18
4,19
4,20
4,21
4,22
4,23
4,24
4,25
5,6
5,7
5,8
5,9
5,10
5,11
5,12
5,13
5,14
5,15
5,16
5,17
5,18
5,19
5,20
5,21
5,22
5,23
5,24
5,25
6,7
6,8
6,9
6,10
6,11
6,12
6,13
6,14
6,15
6,16
6,17
6,18
6,19
6,20
6,21
6,22
6,23
6,24
6,25
7,8
7,9
7,10
7,11
7,12
7,13
7,14
7,15
7,16
7,17
7,18
7,19
7,20
7,21
7,22
7,23
7,24
7,25
8,9
8,10
8,11
8,12
8,13
8,14
8,15
8,16
8,17
8,18
8,19
8,20
8,21
8,22
8,23
8,24
8,25
9,10
9,11
9,12
9,13
9,14
9,15
9,16
9,17
9,18
9,19
9,20
9,21
9,22
9,23
9,24
9,25
10,11
10,12
10,13
10,14
10,15
10,16
10,17
10,18
10,19
10,20
10,21
10,22
10,23
10,24
10,25
11,12
11,13
11,14
11,15
11,16
11,17
11,18
11,19
11,20
11,21
11,22
11,23
11,24
11,25
12,13
12,14
12,15
12,16
12,17
12,18
12,19
12,20
12,21
12,22
12,23
12,24
12,25
13,14
13,15
13,16
13,17
13,18
13,19
13,20
13,21
13,22
13,23
13,24
13,25
14,15
14,16
14,17
14,18
14,19
14,20
14,21
14,22
14,23
14,24
14,25
15,16
15,17
15,18
15,19
15,20
15,21
15,22
15,23
15,24
15,25
16,17
16,18
16,19
16,20
16,21
16,22
16,23
16,24
16,25
17,18
17,19
17,20
17,21
17,22
17,23
17,24
17,25
18,19
18,20
18,21
18,22
18,23
18,24
18,25
19,20
19,21
19,22
19,23
19,24
19,25
20,21
20,22
20,23
20,24
20,25
21,22
21,23
21,24
21,25
22,23
22,24
22,25
23,24
23,25
24,25
18,19
18,20
18,21
18,22
18,23
18,24
18,25
18,26
18,27
18,28
18,29
18,30
18,31
18,32
18,33
18,34
18,35
18,36
18,37
18,38
18,39
18,40
18,41
18,42
18,43
18,44
18,45
18,46
19,20
19,21
19,22
19,23
19,24
19,25
19,26
19,27
19,28
19,29
19,30
19,31
19,32
19,33
19,34
19,35
19,36
19,37
19,38
19,39
19,40
19,41
19,42
19,43
19,44
19,45
19,46
20,21
20,22
20,23
20,24
20,25
20,26
20,27
20,28
20,29
20,30
20,31
20,32
20,33
20,34
20,35
20,36
20,37
20,38
20,39
20,40
20,41
20,42
20,43
20,44
20,45
20,46
21,22
21,23
21,24
21,25
21,26
21,27
21,28
21,29
21,30
21,31
21,32
21,33
21,34
21,35
21,36
21,37
21,38
21,39
21,40
21,41
21,42
21,43
21,44
21,45
21,46
22,23
22,24
22,25
22,26
22,27
22,28
22,29
22,30
22,31
22,32
22,33
22,34
22,35
22,36
22,37
22,38
22,39
22,40
22,41
22,42
22,43
22,44
22,45
22,46
23,24
23,25
23,26
23,27
23,28
23,29
23,30
23,31
23,32
23,33
23,34
23,35
23,36
23,37
23,38
23,39
23,40
23,41
23,42
23,43
23,44
23,45
23,46
24,25
24,26
24,27
24,28
24,29
24,30
24,31
24,32
24,33
24,34
24,35
24,36
24,37
24,38
24,39
24,40
24,41
24,42
24,43
24,44
24,45
24,46
25,26
25,27
25,28
25,29
25,30
25,31
25,32
25,33
25,34
25,35
25,36
25,37
25,38
25,39
25,40
25,41
25,42
25,43
25,44
25,45
25,46
26,27
26,28
26,29
26,30
26,31
26,32
26,33
26,34
26,35
26,36
26,37
26,38
26,39
26,40
26,41
26,42
26,43
26,44
26,45
26,46
27,28
27,29
27,30
27,31
27,32
27,33
27,34
27,35
27,36
27,37
27,38
27,39
27,40
27,41
27,42
27,43
27,44
27,45
27,46
28,29
28,30
28,31
28,32
28,33
28,34
28,35
28,36
28,37
28,38
28,39
28,40
28,41
28,42
28,43
28,44
28,45
28,46
29,30
29,31
29,32
29,33
29,34
29,35
29,36
29,37
29,38
29,39
29,40
29,41
29,42
29,43
29,44
29,45
29,46
30,31
30,32
30,33
30,34
30,35
30,36
30,37
30,38
30,39
30,40
30,41
30,42
30,43
30,44
30,45
30,46
31,32
31,33
31,34
31,35
31,36
31,37
31,38
31,39
31,40
31,41
31,42
31,43
31,44
31,45
31,46
32,33
32,34
32,35
32,36
32,37
32,38
32,39
32,40
32,41
32,42
32,43
32,44
32,45
32,46
33,34
33,35
33,36
33,37
33,38
33,39
33,40
33,41
33,42
33,43
33,44
33,45
33,46
34,35
34,36
34,37
34,38
34,39
34,40
34,41
34,42
34,43
34,44
34,45
34,46
35,36
35,37
35,38
35,39
35,40
35,41
35,42
35,43
35,44
35,45
35,46
36,37
36,38
36,39
36,40
36,41
36,42
36,43
36,44
36,45
36,46
37,38
37,39
37,40
37,41
37,42
37,43
37,44
37,45
37,46
38,39
38,40
38,41
38,42
38,43
38,44
38,45
38,46
39,40
39,41
39,42
39,43
39,44
39,45
39,46
40,41
40,42
40,43
40,44
40,45
40,46
41,42
41,43
41,44
41,45
41,46
42,43
42,44
42,45
42,46
43,44
43,45
43,46
44,45
44,46
45,46
41,42
41,43
41,44
41,45
41,46
41,47
41,48
41,49
41,50
41,51
41,52
41,53
41,54
41,55
41,56
41,57
41,58
41,59
41,60
41,61
41,62
41,63
41,64
41,65
41,66
41,67
41,68
41,69
42,43
42,44
42,45
42,46
42,47
42,48
42,49
42,50
42,51
42,52
42,53
42,54
42,55
42,56
42,57
42,58
42,59
42,60
42,61
42,62
42,63
42,64
42,65
42,66
42,67
42,68
42,69
43,44
43,45
43,46
43,47
43,48
43,49
43,50
43,51
43,52
43,53
43,54
43,55
43,56
43,57
43,58
43,59
43,60
43,61
43,62
43,63
43,64
43,65
43,66
43,67
43,68
43,69
44,45
44,46
44,47
44,48
44,49
44,50
44,51
44,52
44,53
44,54
44,55
44,56
44,57
44,58
44,59
44,60
44,61
44,62
44,63
44,64
44,65
44,66
44,67
44,68
44,69
45,46
45,47
45,48
45,49
45,50
45,51
45,52
45,53
45,54
45,55
45,56
45,57
45,58
45,59
45,60
45,61
45,62
45,63
45,64
45,65
45,66
45,67
45,68
45,69
46,47
46,48
46,49
46,50
46,51
46,52
46,53
46,54
46,55
46,56
46,57
46,58
46,59
46,60
46,61
46,62
46,63
46,64
46,65
46,66
46,67
46,68
46,69
47,48
47,49
47,50
47,51
47,52
47,53
47,54
47,55
47,56
47,57
47,58
47,59
47,60
47,61
47,62
47,63
47,64
47,65
47,66
47,67
47,68
47,69
48,49
48,50
48,51
48,52
48,53
48,54
48,55
48,56
48,57
48,58
48,59
48,60
48,61
48,62
48,63
48,64
48,65
48,66
48,67
48,68
48,69
49,50
49,51
49,52
49,53
49,54
49,55
49,56
49,57
49,58
49,59
49,60
49,61
49,62
49,63
49,64
49,65
49,66
49,67
49,68
49,69
50,51
50,52
50,53
50,54
50,55
50,56
50,57
50,58
50,59
50,60
50,61
50,62
50,63
50,64
50,65
50,66
50,67
50,68
50,69
51,52
51,53
51,54
51,55
51,56
51,57
51,58
51,59
51,60
51,61
51,62
51,63
51,64
51,65
51,66
51,67
51,68
51,69
52,53
52,54
52,55
52,56
52,57
52,58
52,59
52,60
52,61
52,62
52,63
52,64
52,65
52,66
52,67
52,68
52,69
53,54
53,55
53,56
53,57
53,58
53,59
53,60
53,61
53,62
53,63
53,64
53,65
53,66
53,67
53,68
53,69
54,55
54,56
54,57
54,58
54,59
54,60
54,61
54,62
54,63
54,64
54,65
54,66
54,67
54,68
54,69
55,56
55,57
55,58
55,59
55,60
55,61
55,62
55,63
55,64
55,65
55,66
55,67
55,68
55,69
56,57
56,58
56,59
56,60
56,61
56,62
56,63
56,64
56,65
56,66
56,67
56,68
56,69
57,58
57,59
57,60
57,61
57,62
57,63
57,64
57,65
57,66
57,67
57,68
57,69
58,59
58,60
58,61
58,62
58,63
58,64
58,65
58,66
58,67
58,68
58,69
59,60
59,61
59,62
59,63
59,64
59,65
59,66
59,67
59,68
59,69
60,61
60,62
60,63
60,64
60,65
60,66
60,67
60,68
60,69
61,62
61,63
61,64
61,65
61,66
61,67
61,68
61,69
62,63
62,64
62,65
62,66
62,67
62,68
62,69
63,64
63,65
63,66
63,67
63,68
63,69
64,65
64,66
64,67
64,68
64,69
65,66
65,67
65,68
65,69
66,67
66,68
66,69
67,68
67,69
68,69
63,64
63,65
63,66
63,67
63,68
63,69
63,70
63,71
63,72
63,73
63,74
63,75
63,76
63,77
63,78
63,79
63,80
63,81
63,82
63,83
63,84
63,85
63,86
63,87
63,88
63,89
63,90
63,91
64,65
64,66
64,67
64,68
64,69
64,70
64,71
64,72
64,73
64,74
64,75
64,76
64,77
64,78
64,79
64,80
64,81
64,82
64,83
64,84
64,85
64,86
64,87
64,88
64,89
64,90
64,91
65,66
65,67
65,68
65,69
65,70
65,71
65,72
65,73
65,74
65,75
65,76
65,77
65,78
65,79
65,80
65,81
65,82
65,83
65,84
65,85
65,86
65,87
65,88
65,89
65,90
65,91
66,67
66,68
66,69
66,70
66,71
66,72
66,73
66,74
66,75
66,76
66,77
66,78
66,79
66,80
66,81
66,82
66,83
66,84
66,85
66,86
66,87
66,88
66,89
66,90
66,91
67,68
67,69
67,70
67,71
67,72
67,73
67,74
67,75
67,76
67,77
67,78
67,79
67,80
67,81
67,82
67,83
67,84
67,85
67,86
67,87
67,88
67,89
67,90
67,91
68,69
68,70
68,71
68,72
68,73
68,74
68,75
68,76
68,77
68,78
68,79
68,80
68,81
68,82
68,83
68,84
68,85
68,86
68,87
68,88
68,89
68,90
68,91
69,70
69,71
69,72
69,73
69,74
69,75
69,76
69,77
69,78
69,79
69,80
69,81
69,82
69,83
69,84
69,85
69,86
69,87
69,88
69,89
69,90
69,91
70,71
70,72
70,73
70,74
70,75
70,76
70,77
70,78
70,79
70,80
70,81
70,82
70,83
70,84
70,85
70,86
70,87
70,88
70,89
70,90
70,91
71,72
71,73
71,74
71,75
71,76
71,77
71,78
71,79
71,80
71,81
71,82
71,83
71,84
71,85
71,86
71,87
71,88
71,89
71,90
71,91
72,73
72,74
72,75
72,76
72,77
72,78
72,79
72,80
72,81
72,82
72,83
72,84
72,85
72,86
72,87
72,88
72,89
72,90
72,91
73,74
73,75
73,76
73,77
73,78
73,79
73,80
73,81
73,82
73,83
73,84
73,85
73,86
73,87
73,88
73,89
73,90
73,91
74,75
74,76
74,77
74,78
74,79
74,80
74,81
74,82
74,83
74,84
74,85
74,86
74,87
74,88
74,89
74,90
74,91
75,76
75,77
75,78
75,79
75,80
75,81
75,82
75,83
75,84
75,85
75,86
75,87
75,88
75,89
75,90
75,91
76,77
76,78
76,79
76,80
76,81
76,82
76,83
76,84
76,85
76,86
76,87
76,88
76,89
76,90
76,91
77,78
77,79
77,80
77,81
77,82
77,83
77,84
77,85
77,86
77,87
77,88
77,89
77,90
77,91
78,79
78,80
78,81
78,82
78,83
78,84
78,85
78,86
78,87
78,88
78,89
78,90
78,91
79,80
79,81
79,82
79,83
79,84
79,85
79,86
79,87
79,88
79,89
79,90
79,91
80,81
80,82
80,83
80,84
80,85
80,86
80,87
80,88
80,89
80,90
80,91
81,82
81,83
81,84
81,85
81,86
81,87
81,88
81,89
81,90
81,91
82,83
82,84
82,85
82,86
82,87
82,88
82,89
82,90
82,91
83,84
83,85
83,86
83,87
83,88
83,89
83,90
83,91
84,85
84,86
84,87
84,88
84,89
84,90
84,91
85,86
85,87
85,88
85,89
85,90
85,91
86,87
86,88
86,89
86,90
86,91
87,88
87,89
87,90
87,91
88,89
88,90
88,91
89,90
89,91
90,91
85,86
85,87
85,88
85,89
85,90
85,91
85,92
85,93
85,94
85,95
85,96
85,97
85,98
85,99
85,100
85,101
85,102
85,103
85,104
85,105
85,106
85,107
85,108
85,109
85,110
85,111
85,112
86,87
86,88
86,89
86,90
86,91
86,92
86,93
86,94
86,95
86,96
86,97
86,98
86,99
86,100
86,101
86,102
86,103
86,104
86,105
86,106
86,107
86,108
86,109
86,110
86,111
86,112
87,88
87,89
87,90
87,91
87,92
87,93
87,94
87,95
87,96
87,97
87,98
87,99
87,100
87,101
87,102
87,103
87,104
87,105
87,106
87,107
87,108
87,109
87,110
87,111
87,112
88,89
88,90
88,91
88,92
88,93
88,94
88,95
88,96
88,97
88,98
88,99
88,100
88,101
88,102
88,103
88,104
88,105
88,106
88,107
88,108
88,109
88,110
88,111
88,112
89,90
89,91
89,92
89,93
89,94
89,95
89,96
89,97
89,98
89,99
89,100
89,101
89,102
89,103
89,104
89,105
89,106
89,107
89,108
89,109
89,110
89,111
89,112
90,91
90,92
90,93
90,94
90,95
90,96
90,97
90,98
90,99
90,100
90,101
90,102
90,103
90,104
90,105
90,106
90,107
90,108
90,109
90,110
90,111
90,112
91,92
91,93
91,94
91,95
91,96
91,97
91,98
91,99
91,100
91,101
91,102
91,103
91,104
91,105
91,106
91,107
91,108
91,109
91,110
91,111
91,112
92,93
92,94
92,95
92,96
92,97
92,98
92,99
92,100
92,101
92,102
92,103
92,104
92,105
92,106
92,107
92,108
92,109
92,110
92,111
92,112
93,94
93,95
93,96
93,97
93,98
93,99
93,100
93,101
93,102
93,103
93,104
93,105
93,106
93,107
93,108
93,109
93,110
93,111
93,112
94,95
94,96
94,97
94,98
94,99
94,100
94,101
94,102
94,103
94,104
94,105
94,106
94,107
94,108
94,109
94,110
94,111
94,112
95,96
95,97
95,98
95,99
95,100
95,101
95,102
95,103
95,104
95,105
95,106
95,107
95,108
95,109
95,110
95,111
95,112
96,97
96,98
96,99
96,100
96,101
96,102
96,103
96,104
96,105
96,106
96,107
96,108
96,109
96,110
96,111
96,112
97,98
97,99
97,100
97,101
97,102
97,103
97,104
97,105
97,106
97,107
97,108
97,109
97,110
97,111
97,112
98,99
98,100
98,101
98,102
98,103
98,104
98,105
98,106
98,107
98,108
98,109
98,110
98,111
98,112
99,100
99,101
99,102
99,103
99,104
99,105
99,106
99,107
99,108
99,109
99,110
99,111
99,112
100,101
100,102
100,103
100,104
100,105
100,106
100,107
100,108
100,109
100,110
100,111
100,112
101,102
101,103
101,104
101,105
101,106
101,107
101,108
101,109
101,110
101,111
101,112
102,103
102,104
102,105
102,106
102,107
102,108
102,109
102,110
102,111
102,112
103,104
103,105
103,106
103,107
103,108
103,109
103,110
103,111
103,112
104,105
104,106
104,107
104,108
104,109
104,110
104,111
104,112
105,106
105,107
105,108
105,109
105,110
105,111
105,112
106,107
106,108
106,109
106,110
106,111
106,112
107,108
107,109
107,110
107,111
107,112
108,109
108,110
108,111
108,112
109,110
109,111
109,112
110,111
110,112
111,112
106,107
106,108
106,109
106,110
106,111
106,112
106,113
106,114
106,115
106,116
106,117
106,118
106,119
106,120
106,121
106,122
106,123
106,124
106,125
106,126
106,127
106,128
106,129
106,130
106,131
106,132
106,133
107,108
107,109
107,110
107,111
107,112
107,113
107,114
107,115
107,116
107,117
107,118
107,119
107,120
107,121
107,122
107,123
107,124
107,125
107,126
107,127
107,128
107,129
107,130
107,131
107,132
107,133
108,109
108,110
108,111
108,112
108,113
108,114
108,115
108,116
108,117
108,118
108,119
108,120
108,121
108,122
108,123
108,124
108,125
108,126
108,127
108,128
108,129
108,130
108,131
108,132
108,133
109,110
109,111
109,112
109,113
109,114
109,115
109,116
109,117
109,118
109,119
109,120
109,121
109,122
109,123
109,124
109,125
109,126
109,127
109,128
109,129
109,130
109,131
109,132
109,133
110,111
110,112
110,113
110,114
110,115
110,116
110,117
110,118
110,119
110,120
110,121
110,122
110,123
110,124
110,125
110,126
110,127
110,128
110,129
110,130
110,131
110,132
110,133
111,112
111,113
111,114
111,115
111,116
111,117
111,118
111,119
111,120
111,121
111,122
111,123
111,124
111,125
111,126
111,127
111,128
111,129
111,130
111,131
111,132
111,133
112,113
112,114
112,115
112,116
112,117
112,118
112,119
112,120
112,121
112,122
112,123
112,124
112,125
112,126
112,127
112,128
112,129
112,130
112,131
112,132
112,133
113,114
113,115
113,116
113,117
113,118
113,119
113,120
113,121
113,122
113,123
113,124
113,125
113,126
113,127
113,128
113,129
113,130
113,131
113,132
113,133
114,115
114,116
114,117
114,118
114,119
114,120
114,121
114,122
114,123
114,124
114,125
114,126
114,127
114,128
114,129
114,130
114,131
114,132
114,133
115,116
115,117
115,118
115,119
115,120
115,121
115,122
115,123
115,124
115,125
115,126
115,127
115,128
115,129
115,130
115,131
115,132
115,133
116,117
116,118
116,119
116,120
116,121
116,122
116,123
116,124
116,125
116,126
116,127
116,128
116,129
116,130
116,131
116,132
116,133
117,118
117,119
117,120
117,121
117,122
117,123
117,124
117,125
117,126
117,127
117,128
117,129
117,130
117,131
117,132
117,133
118,119
118,120
118,121
118,122
118,123
118,124
118,125
118,126
118,127
118,128
118,129
118,130
118,131
118,132
118,133
119,120
119,121
119,122
119,123
119,124
119,125
119,126
119,127
119,128
119,129
119,130
119,131
119,132
119,133
120,121
120,122
120,123
120,124
120,125
120,126
120,127
120,128
120,129
120,130
120,131
120,132
120,133
121,122
121,123
121,124
121,125
121,126
121,127
121,128
121,129
121,130
121,131
121,132
121,133
122,123
122,124
122,125
122,126
122,127
122,128
122,129
122,130
122,131
122,132
122,133
123,124
123,125
123,126
123,127
123,128
123,129
123,130
123,131
123,132
123,133
124,125
124,126
124,127
124,128
124,129
124,130
124,131
124,132
124,133
125,126
125,127
125,128
125,129
125,130
125,131
125,132
125,133
126,127
126,128
126,129
126,130
126,131
126,132
126,133
127,128
127,129
127,130
127,131
127,132
127,133
128,129
128,130
128,131
128,132
128,133
129,130
129,131
129,132
129,133
130,131
130,132
130,133
131,132
131,133
132,133
129,130
129,131
129,132
129,133
129,134
129,135
129,136
129,137
129,138
129,139
129,140
129,141
129,142
129,143
129,144
129,145
129,146
129,147
129,148
129,149
129,150
129,151
129,152
129,153
129,154
129,155
129,156
130,131
130,132
130,133
130,134
130,135
130,136
130,137
130,138
130,139
130,140
130,141
130,142
130,143
130,144
130,145
130,146
130,147
130,148
130,149
130,150
130,151
130,152
130,153
130,154
130,155
130,156
131,132
131,133
131,134
131,135
131,136
131,137
131,138
131,139
131,140
131,141
131,142
131,143
131,144
131,145
131,146
131,147
131,148
131,149
131,150
131,151
131,152
131,153
131,154
131,155
131,156
132,133
132,134
132,135
132,136
132,137
132,138
132,139
132,140
132,141
132,142
132,143
132,144
132,145
132,146
132,147
132,148
132,149
132,150
132,151
132,152
132,153
132,154
132,155
132,156
133,134
133,135
133,136
133,137
133,138
133,139
133,140
133,141
133,142
133,143
133,144
133,145
133,146
133,147
133,148
133,149
133,150
133,151
133,152
133,153
133,154
133,155
133,156
134,135
134,136
134,137
134,138
134,139
134,140
134,141
134,142
134,143
134,144
134,145
134,146
134,147
134,148
134,149
134,150
134,151
134,152
134,153
134,154
134,155
134,156
135,136
135,137
135,138
135,139
135,140
135,141
135,142
135,143
135,144
135,145
135,146
135,147
135,148
135,149
135,150
135,151
135,152
135,153
135,154
135,155
135,156
136,137
136,138
136,139
136,140
136,141
136,142
136,143
136,144
136,145
136,146
136,147
136,148
136,149
136,150
136,151
136,152
136,153
136,154
136,155
136,156
137,138
137,139
137,140
137,141
137,142
137,143
137,144
137,145
137,146
137,147
137,148
137,149
137,150
137,151
137,152
137,153
137,154
137,155
137,156
138,139
138,140
138,141
138,142
138,143
138,144
138,145
138,146
138,147
138,148
138,149
138,150
138,151
138,152
138,153
138,154
138,155
138,156
139,140
139,141
139,142
139,143
139,144
139,145
139,146
139,147
139,148
139,149
139,150
139,151
139,152
139,153
139,154
139,155
139,156
140,141
140,142
140,143
140,144
140,145
140,146
140,147
140,148
140,149
140,150
140,151
140,152
140,153
140,154
140,155
140,156
141,142
141,143
141,144
141,145
141,146
141,147
141,148
141,149
141,150
141,151
141,152
141,153
141,154
141,155
141,156
142,143
142,144
142,145
142,146
142,147
142,148
142,149
142,150
142,151
142,152
142,153
142,154
142,155
142,156
143,144
143,145
143,146
143,147
143,148
143,149
143,150
143,151
143,152
143,153
143,154
143,155
143,156
144,145
144,146
144,147
144,148
144,149
144,150
144,151
144,152
144,153
144,154
144,155
144,156
145,146
145,147
145,148
145,149
145,150
145,151
145,152
145,153
145,154
145,155
145,156
146,147
146,148
146,149
146,150
146,151
146,152
146,153
146,154
146,155
146,156
147,148
147,149
147,150
147,151
147,152
147,153
147,154
147,155
147,156
148,149
148,150
148,151
148,152
148,153
148,154
148,155
148,156
149,150
149,151
149,152
149,153
149,154
149,155
149,156
150,151
150,152
150,153
150,154
150,155
150,156
151,152
151,153
151,154
151,155
151,156
152,153
152,154
152,155
152,156
153,154
153,155
153,156
154,155
154,156
155,156
149,150
149,151
149,152
149,153
149,154
149,155
149,156
149,157
149,158
149,159
149,160
149,161
149,162
149,163
149,164
149,165
149,166
149,167
149,168
149,169
149,170
149,171
149,172
149,173
149,174
149,175
149,176
149,177
150,151
150,152
150,153
150,154
150,155
150,156
150,157
150,158
150,159
150,160
150,161
150,162
150,163
150,164
150,165
150,166
150,167
150,168
150,169
150,170
150,171
150,172
150,173
150,174
150,175
150,176
150,177
151,152
151,153
151,154
151,155
151,156
151,157
151,158
151,159
151,160
151,161
151,162
151,163
151,164
151,165
151,166
151,167
151,168
151,169
151,170
151,171
151,172
151,173
151,174
151,175
151,176
151,177
152,153
152,154
152,155
152,156
152,157
152,158
152,159
152,160
152,161
152,162
152,163
152,164
152,165
152,166
152,167
152,168
152,169
152,170
152,171
152,172
152,173
152,174
152,175
152,176
152,177
153,154
153,155
153,156
153,157
153,158
153,159
153,160
153,161
153,162
153,163
153,164
153,165
153,166
153,167
153,168
153,169
153,170
153,171
153,172
153,173
153,174
153,175
153,176
153,177
154,155
154,156
154,157
154,158
154,159
154,160
154,161
154,162
154,163
154,164
154,165
154,166
154,167
154,168
154,169
154,170
154,171
154,172
154,173
154,174
154,175
154,176
154,177
155,156
155,157
155,158
155,159
155,160
155,161
155,162
155,163
155,164
155,165
155,166
155,167
155,168
155,169
155,170
155,171
155,172
155,173
155,174
155,175
155,176
155,177
156,157
156,158
156,159
156,160
156,161
156,162
156,163
156,164
156,165
156,166
156,167
156,168
156,169
156,170
156,171
156,172
156,173
156,174
156,175
156,176
156,177
157,158
157,159
157,160
157,161
157,162
157,163
157,164
157,165
157,166
157,167
157,168
157,169
157,170
157,171
157,172
157,173
157,174
157,175
157,176
157,177
158,159
158,160
158,161
158,162
158,163
158,164
158,165
158,166
158,167
158,168
158,169
158,170
158,171
158,172
158,173
158,174
158,175
158,176
158,177
159,160
159,161
159,162
159,163
159,164
159,165
159,166
159,167
159,168
159,169
159,170
159,171
159,172
159,173
159,174
159,175
159,176
159,177
160,161
160,162
160,163
160,164
160,165
160,166
160,167
160,168
160,169
160,170
160,171
160,172
160,173
160,174
160,175
160,176
160,177
161,162
161,163
161,164
161,165
161,166
161,167
161,168
161,169
161,170
161,171
161,172
161,173
161,174
161,175
161,176
161,177
162,163
162,164
162,165
162,166
162,167
162,168
162,169
162,170
162,171
162,172
162,173
162,174
162,175
162,176
162,177
163,164
163,165
163,166
163,167
163,168
163,169
163,170
163,171
163,172
163,173
163,174
163,175
163,176
163,177
164,165
164,166
164,167
164,168
164,169
164,170
164,171
164,172
164,173
164,174
164,175
164,176
164,177
165,166
165,167
165,168
165,169
165,170
165,171
165,172
165,173
165,174
165,175
165,176
165,177
166,167
166,168
166,169
166,170
166,171
166,172
166,173
166,174
166,175
166,176
166,177
167,168
167,169
167,170
167,171
167,172
167,173
167,174
167,175
167,176
167,177
168,169
168,170
168,171
168,172
168,173
168,174
168,175
168,176
168,177
169,170
169,171
169,172
169,173
169,174
169,175
169,176
169,177
170,171
170,172
170,173
170,174
170,175
170,176
170,177
171,172
171,173
171,174
171,175
171,176
171,177
172,173
172,174
172,175
172,176
172,177
173,174
173,175
173,176
173,177
174,175
174,176
174,177
175,176
175,177
176,177
171,172
171,173
171,174
171,175
171,176
171,177
171,178
171,179
171,180
171,181
171,182
171,183
171,184
171,185
171,186
171,187
171,188
171,189
171,190
171,191
171,192
171,193
171,194
171,195
171,196
171,197
171,198
171,199
171,200
172,173
172,174
172,175
172,176
172,177
172,178
172,179
172,180
172,181
172,182
172,183
172,184
172,185
172,186
172,187
172,188
172,189
172,190
172,191
172,192
172,193
172,194
172,195
172,196
172,197
172,198
172,199
172,200
173,174
173,175
173,176
173,177
173,178
173,179
173,180
173,181
173,182
173,183
173,184
173,185
173,186
173,187
173,188
173,189
173,190
173,191
173,192
173,193
173,194
173,195
173,196
173,197
173,198
173,199
173,200
174,175
174,176
174,177
174,178
174,179
174,180
174,181
174,182
174,183
174,184
174,185
174,186
174,187
174,188
174,189
174,190
174,191
174,192
174,193
174,194
174,195
174,196
174,197
174,198
174,199
174,200
175,176
175,177
175,178
175,179
175,180
175,181
175,182
175,183
175,184
175,185
175,186
175,187
175,188
175,189
175,190
175,191
175,192
175,193
175,194
175,195
175,196
175,197
175,198
175,199
175,200
176,177
176,178
176,179
176,180
176,181
176,182
176,183
176,184
176,185
176,186
176,187
176,188
176,189
176,190
176,191
176,192
176,193
176,194
176,195
176,196
176,197
176,198
176,199
176,200
177,178
177,179
177,180
177,181
177,182
177,183
177,184
177,185
177,186
177,187
177,188
177,189
177,190
177,191
177,192
177,193
177,194
177,195
177,196
177,197
177,198
177,199
177,200
178,179
178,180
178,181
178,182
178,183
178,184
178,185
178,186
178,187
178,188
178,189
178,190
178,191
178,192
178,193
178,194
178,195
178,196
178,197
178,198
178,199
178,200
179,180
179,181
179,182
179,183
179,184
179,185
179,186
179,187
179,188
179,189
179,190
179,191
179,192
179,193
179,194
179,195
179,196
179,197
179,198
179,199
179,200
180,181
180,182
180,183
180,184
180,185
180,186
180,187
180,188
180,189
180,190
180,191
180,192
180,193
180,194
180,195
180,196
180,197
180,198
180,199
180,200
181,182
181,183
181,184
181,185
181,186
181,187
181,188
181,189
181,190
181,191
181,192
181,193
181,194
181,195
181,196
181,197
181,198
181,199
181,200
182,183
182,184
182,185
182,186
182,187
182,188
182,189
182,190
182,191
182,192
182,193
182,194
182,195
182,196
182,197
182,198
182,199
182,200
183,184
183,185
183,186
183,187
183,188
183,189
183,190
183,191
183,192
183,193
183,194
183,195
183,196
183,197
183,198
183,199
183,200
184,185
184,186
184,187
184,188
184,189
184,190
184,191
184,192
184,193
184,194
184,195
184,196
184,197
184,198
184,199
184,200
185,186
185,187
185,188
185,189
185,190
185,191
185,192
185,193
185,194
185,195
185,196
185,197
185,198
185,199
185,200
186,187
186,188
186,189
186,190
186,191
186,192
186,193
186,194
186,195
186,196
186,197
186,198
186,199
186,200
187,188
187,189
187,190
187,191
187,192
187,193
187,194
187,195
187,196
187,197
187,198
187,199
187,200
188,189
188,190
188,191
188,192
188,193
188,194
188,195
188,196
188,197
188,198
188,199
188,200
189,190
189,191
189,192
189,193
189,194
189,195
189,196
189,197
189,198
189,199
189,200
190,191
190,192
190,193
190,194
190,195
190,196
190,197
190,198
190,199
190,200
191,192
191,193
191,194
191,195
191,196
191,197
191,198
191,199
191,200
192,193
192,194
192,195
192,196
192,197
192,198
192,199
192,200
193,194
193,195
193,196
193,197
193,198
193,199
193,200
194,195
194,196
194,197
194,198
194,199
194,200
195,196
195,197
195,198
195,199
195,200
196,197
196,198
196,199
196,200
197,198
197,199
197,200
198,199
198,200
199,200
194,195
194,196
194,197
194,198
194,199
194,200
194,201
194,202
194,203
194,204
194,205
194,206
194,207
194,208
194,209
194,210
194,211
194,212
194,213
194,214
194,215
194,216
194,217
194,218
194,219
194,220
194,221
194,222
194,223
195,196
195,197
195,198
195,199
195,200
195,201
195,202
195,203
195,204
195,205
195,206
195,207
195,208
195,209
195,210
195,211
195,212
195,213
195,214
195,215
195,216
195,217
195,218
195,219
195,220
195,221
195,222
195,223
196,197
196,198
196,199
196,200
196,201
196,202
196,203
196,204
196,205
196,206
196,207
196,208
196,209
196,210
196,211
196,212
196,213
196,214
196,215
196,216
196,217
196,218
196,219
196,220
196,221
196,222
196,223
197,198
197,199
197,200
197,201
197,202
197,203
197,204
197,205
197,206
197,207
197,208
197,209
197,210
197,211
197,212
197,213
197,214
197,215
197,216
197,217
197,218
197,219
197,220
197,221
197,222
197,223
198,199
198,200
198,201
198,202
198,203
198,204
198,205
198,206
198,207
198,208
198,209
198,210
198,211
198,212
198,213
198,214
198,215
198,216
198,217
198,218
198,219
198,220
198,221
198,222
198,223
199,200
199,201
199,202
199,203
199,204
199,205
199,206
199,207
199,208
199,209
199,210
199,211
199,212
199,213
199,214
199,215
199,216
199,217
199,218
199,219
199,220
199,221
199,222
199,223
200,201
200,202
200,203
200,204
200,205
200,206
200,207
200,208
200,209
200,210
200,211
200,212
200,213
200,214
200,215
200,216
200,217
200,218
200,219
200,220
200,221
200,222
200,223
201,202
201,203
201,204
201,205
201,206
201,207
201,208
201,209
201,210
201,211
201,212
201,213
201,214
201,215
201,216
201,217
201,218
201,219
201,220
201,221
201,222
201,223
202,203
202,204
202,205
202,206
202,207
202,208
202,209
202,210
202,211
202,212
202,213
202,214
202,215
202,216
202,217
202,218
202,219
202,220
202,221
202,222
202,223
203,204
203,205
203,206
203,207
203,208
203,209
203,210
203,211
203,212
203,213
203,214
203,215
203,216
203,217
203,218
203,219
203,220
203,221
203,222
203,223
204,205
204,206
204,207
204,208
204,209
204,210
204,211
204,212
204,213
204,214
204,215
204,216
204,217
204,218
204,219
204,220
204,221
204,222
204,223
205,206
205,207
205,208
205,209
205,210
205,211
205,212
205,213
205,214
205,215
205,216
205,217
205,218
205,219
205,220
205,221
205,222
205,223
206,207
206,208
206,209
206,210
206,211
206,212
206,213
206,214
206,215
206,216
206,217
206,218
206,219
206,220
206,221
206,222
206,223
207,208
207,209
207,210
207,211
207,212
207,213
207,214
207,215
207,216
207,217
207,218
207,219
207,220
207,221
207,222
207,223
208,209
208,210
208,211
208,212
208,213
208,214
208,215
208,216
208,217
208,218
208,219
208,220
208,221
208,222
208,223
209,210
209,211
209,212
209,213
209,214
209,215
209,216
209,217
209,218
209,219
209,220
209,221
209,222
209,223
210,211
210,212
210,213
210,214
210,215
210,216
210,217
210,218
210,219
210,220
210,221
210,222
210,223
211,212
211,213
211,214
211,215
211,216
211,217
211,218
211,219
211,220
211,221
211,222
211,223
212,213
212,214
212,215
212,216
212,217
212,218
212,219
212,220
212,221
212,222
212,223
213,214
213,215
213,216
213,217
213,218
213,219
213,220
213,221
213,222
213,223
214,215
214,216
214,217
214,218
214,219
214,220
214,221
214,222
214,223
215,216
215,217
215,218
215,219
215,220
215,221
215,222
215,223
216,217
216,218
216,219
216,220
216,221
216,222
216,223
217,218
217,219
217,220
217,221
217,222
217,223
218,219
218,220
218,221
218,222
218,223
219,220
219,221
219,222
219,223
220,221
220,222
220,223
221,222
221,223
222,223
216,217
216,218
216,219
216,220
216,221
216,222
216,223
216,224
216,225
216,226
216,227
216,228
216,229
216,230
216,231
216,232
216,233
216,234
216,235
216,236
216,237
216,238
216,239
216,240
216,241
216,242
216,243
216,244
216,245
217,218
217,219
217,220
217,221
217,222
217,223
217,224
217,225
217,226
217,227
217,228
217,229
217,230
217,231
217,232
217,233
217,234
217,235
217,236
217,237
217,238
217,239
217,240
217,241
217,242
217,243
217,244
217,245
218,219
218,220
218,221
218,222
218,223
218,224
218,225
218,226
218,227
218,228
218,229
218,230
218,231
218,232
218,233
218,234
218,235
218,236
218,237
218,238
218,239
218,240
218,241
218,242
218,243
218,244
218,245
219,220
219,221
219,222
219,223
219,224
219,225
219,226
219,227
219,228
219,229
219,230
219,231
219,232
219,233
219,234
219,235
219,236
219,237
219,238
219,239
219,240
219,241
219,242
219,243
219,244
219,245
220,221
220,222
220,223
220,224
220,225
220,226
220,227
220,228
220,229
220,230
220,231
220,232
220,233
220,234
220,235
220,236
220,237
220,238
220,239
220,240
220,241
220,242
220,243
220,244
220,245
221,222
221,223
221,224
221,225
221,226
221,227
221,228
221,229
221,230
221,231
221,232
221,233
221,234
221,235
221,236
221,237
221,238
221,239
221,240
221,241
221,242
221,243
221,244
221,245
222,223
222,224
222,225
222,226
222,227
222,228
222,229
222,230
222,231
222,232
222,233
222,234
222,235
222,236
222,237
222,238
222,239
222,240
222,241
222,242
222,243
222,244
222,245
223,224
223,225
223,226
223,227
223,228
223,229
223,230
223,231
223,232
223,233
223,234
223,235
223,236
223,237
223,238
223,239
223,240
223,241
223,242
223,243
223,244
223,245
224,225
224,226
224,227
224,228
224,229
224,230
224,231
224,232
224,233
224,234
224,235
224,236
224,237
224,238
224,239
224,240
224,241
224,242
224,243
224,244
224,245
225,226
225,227
225,228
225,229
225,230
225,231
225,232
225,233
225,234
225,235
225,236
225,237
225,238
225,239
225,240
225,241
225,242
225,243
225,244
225,245
226,227
226,228
226,229
226,230
226,231
226,232
226,233
226,234
226,235
226,236
226,237
226,238
226,239
226,240
226,241
226,242
226,243
226,244
226,245
227,228
227,229
227,230
227,231
227,232
227,233
227,234
227,235
227,236
227,237
227,238
227,239
227,240
227,241
227,242
227,243
227,244
227,245
228,229
228,230
228,231
228,232
228,233
228,234
228,235
228,236
228,237
228,238
228,239
228,240
228,241
228,242
228,243
228,244
228,245
229,230
229,231
229,232
229,233
229,234
229,235
229,236
229,237
229,238
229,239
229,240
229,241
229,242
229,243
229,244
229,245
230,231
230,232
230,233
230,234
230,235
230,236
230,237
230,238
230,239
230,240
230,241
230,242
230,243
230,244
230,245
231,232
231,233
231,234
231,235
231,236
231,237
231,238
231,239
231,240
231,241
231,242
231,243
231,244
231,245
232,233
232,234
232,235
232,236
232,237
232,238
232,239
232,240
232,241
232,242
232,243
232,244
232,245
233,234
233,235
233,236
233,237
233,238
233,239
233,240
233,241
233,242
233,243
233,244
233,245
234,235
234,236
234,237
234,238
234,239
234,240
234,241
234,242
234,243
234,244
234,245
235,236
235,237
235,238
235,239
235,240
235,241
235,242
235,243
235,244
235,245
236,237
236,238
236,239
236,240
236,241
236,242
236,243
236,244
236,245
237,238
237,239
237,240
237,241
237,242
237,243
237,244
237,245
238,239
238,240
238,241
238,242
238,243
238,244
238,245
239,240
239,241
239,242
239,243
239,244
239,245
240,241
240,242
240,243
240,244
240,245
241,242
241,243
241,244
241,245
242,243
242,244
242,245
243,244
243,245
244,245
240,241
240,242
240,243
240,244
240,245
240,246
240,247
240,248
240,249
240,250
240,251
240,252
240,253
240,254
240,255
240,256
240,257
240,258
240,259
240,260
240,261
240,262
240,263
240,264
240,265
240,266
240,267
241,242
241,243
241,244
241,245
241,246
241,247
241,248
241,249
241,250
241,251
241,252
241,253
241,254
241,255
241,256
241,257
241,258
241,259
241,260
241,261
241,262
241,263
241,264
241,265
241,266
241,267
242,243
242,244
242,245
242,246
242,247
242,248
242,249
242,250
242,251
242,252
242,253
242,254
242,255
242,256
242,257
242,258
242,259
242,260
242,261
242,262
242,263
242,264
242,265
242,266
242,267
243,244
243,245
243,246
243,247
243,248
243,249
243,250
243,251
243,252
243,253
243,254
243,255
243,256
243,257
243,258
243,259
243,260
243,261
243,262
243,263
243,264
243,265
243,266
243,267
244,245
244,246
244,247
244,248
244,249
244,250
244,251
244,252
244,253
244,254
244,255
244,256
244,257
244,258
244,259
244,260
244,261
244,262
244,263
244,264
244,265
244,266
244,267
245,246
245,247
245,248
245,249
245,250
245,251
245,252
245,253
245,254
245,255
245,256
245,257
245,258
245,259
245,260
245,261
245,262
245,263
245,264
245,265
245,266
245,267
246,247
246,248
246,249
246,250
246,251
246,252
246,253
246,254
246,255
246,256
246,257
246,258
246,259
246,260
246,261
246,262
246,263
246,264
246,265
246,266
246,267
247,248
247,249
247,250
247,251
247,252
247,253
247,254
247,255
247,256
247,257
247,258
247,259
247,260
247,261
247,262
247,263
247,264
247,265
247,266
247,267
248,249
248,250
248,251
248,252
248,253
248,254
248,255
248,256
248,257
248,258
248,259
248,260
248,261
248,262
248,263
248,264
248,265
248,266
248,267
249,250
249,251
249,252
249,253
249,254
249,255
249,256
249,257
249,258
249,259
249,260
249,261
249,262
249,263
249,264
249,265
249,266
249,267
250,251
250,252
250,253
250,254
250,255
250,256
250,257
250,258
250,259
250,260
250,261
250,262
250,263
250,264
250,265
250,266
250,267
251,252
251,253
251,254
251,255
251,256
251,257
251,258
251,259
251,260
251,261
251,262
251,263
251,264
251,265
251,266
251,267
252,253
252,254
252,255
252,256
252,257
252,258
252,259
252,260
252,261
252,262
252,263
252,264
252,265
252,266
252,267
253,254
253,255
253,256
253,257
253,258
253,259
253,260
253,261
253,262
253,263
253,264
253,265
253,266
253,267
254,255
254,256
254,257
254,258
254,259
254,260
254,261
254,262
254,263
254,264
254,265
254,266
254,267
255,256
255,257
255,258
255,259
255,260
255,261
255,262
255,263
255,264
255,265
255,266
255,267
256,257
256,258
256,259
256,260
256,261
256,262
256,263
256,264
256,265
256,266
256,267
257,258
257,259
257,260
257,261
257,262
257,263
257,264
257,265
257,266
257,267
258,259
258,260
258,261
258,262
258,263
258,264
258,265
258,266
258,267
259,260
259,261
259,262
259,263
259,264
259,265
259,266
259,267
260,261
260,262
260,263
260,264
260,265
260,266
260,267
261,262
261,263
261,264
261,265
261,266
261,267
262,263
262,264
262,265
262,266
262,267
263,264
263,265
263,266
263,267
264,265
264,266
264,267
265,266
265,267
266,267
260,261
260,262
260,263
260,264
260,265
260,266
260,267
260,268
260,269
260,270
260,271
260,272
260,273
260,274
260,275
260,276
260,277
260,278
260,279
260,280
260,281
260,282
260,283
260,284
260,285
260,286
261,262
261,263
261,264
261,265
261,266
261,267
261,268
261,269
261,270
261,271
261,272
261,273
261,274
261,275
261,276
261,277
261,278
261,279
261,280
261,281
261,282
261,283
261,284
261,285
261,286
262,263
262,264
262,265
262,266
262,267
262,268
262,269
262,270
262,271
262,272
262,273
262,274
262,275
262,276
262,277
262,278
262,279
262,280
262,281
262,282
262,283
262,284
262,285
262,286
263,264
263,265
263,266
263,267
263,268
263,269
263,270
263,271
263,272
263,273
263,274
263,275
263,276
263,277
263,278
263,279
263,280
263,281
263,282
263,283
263,284
263,285
263,286
264,265
264,266
264,267
264,268
264,269
264,270
264,271
264,272
264,273
264,274
264,275
264,276
264,277
264,278
264,279
264,280
264,281
264,282
264,283
264,284
264,285
264,286
265,266
265,267
265,268
265,269
265,270
265,271
265,272
265,273
265,274
265,275
265,276
265,277
265,278
265,279
265,280
265,281
265,282
265,283
265,284
265,285
265,286
266,267
266,268
266,269
266,270
266,271
266,272
266,273
266,274
266,275
266,276
266,277
266,278
266,279
266,280
266,281
266,282
266,283
266,284
266,285
266,286
267,268
267,269
267,270
267,271
267,272
267,273
267,274
267,275
267,276
267,277
267,278
267,279
267,280
267,281
267,282
267,283
267,284
267,285
267,286
268,269
268,270
268,271
268,272
268,273
268,274
268,275
268,276
268,277
268,278
268,279
268,280
268,281
268,282
268,283
268,284
268,285
268,286
269,270
269,271
269,272
269,273
269,274
269,275
269,276
269,277
269,278
269,279
269,280
269,281
269,282
269,283
269,284
269,285
269,286
270,271
270,272
270,273
270,274
270,275
270,276
270,277
270,278
270,279
270,280
270,281
270,282
270,283
270,284
270,285
270,286
271,272
271,273
271,274
271,275
271,276
271,277
271,278
271,279
271,280
271,281
271,282
271,283
271,284
271,285
271,286
272,273
272,274
272,275
272,276
272,277
272,278
272,279
272,280
272,281
272,282
272,283
272,284
272,285
272,286
273,274
273,275
273,276
273,277
273,278
273,279
273,280
273,281
273,282
273,283
273,284
273,285
273,286
274,275
274,276
274,277
274,278
274,279
274,280
274,281
274,282
274,283
274,284
274,285
274,286
275,276
275,277
275,278
275,279
275,280
275,281
275,282
275,283
275,284
275,285
275,286
276,277
276,278
276,279
276,280
276,281
276,282
276,283
276,284
276,285
276,286
277,278
277,279
277,280
277,281
277,282
277,283
277,284
277,285
277,286
278,279
278,280
278,281
278,282
278,283
278,284
278,285
278,286
279,280
279,281
279,282
279,283
279,284
279,285
279,286
280,281
280,282
280,283
280,284
280,285
280,286
281,282
281,283
281,284
281,285
281,286
282,283
282,284
282,285
282,286
283,284
283,285
283,286
284,285
284,286
285,286
282,283
282,284
282,285
282,286
282,287
282,288
282,289
282,290
282,291
282,292
282,293
282,294
282,295
282,296
282,297
282,298
282,299
282,300
282,301
282,302
282,303
282,304
282,305
282,306
282,307
282,308
282,309
282,310
283,284
283,285
283,286
283,287
283,288
283,289
283,290
283,291
283,292
283,293
283,294
283,295
283,296
283,297
283,298
283,299
283,300
283,301
283,302
283,303
283,304
283,305
283,306
283,307
283,308
283,309
283,310
284,285
284,286
284,287
284,288
284,289
284,290
284,291
284,292
284,293
284,294
284,295
284,296
284,297
284,298
284,299
284,300
284,301
284,302
284,303
284,304
284,305
284,306
284,307
284,308
284,309
284,310
285,286
285,287
285,288
285,289
285,290
285,291
285,292
285,293
285,294
285,295
285,296
285,297
285,298
285,299
285,300
285,301
285,302
285,303
285,304
285,305
285,306
285,307
285,308
285,309
285,310
286,287
286,288
286,289
286,290
286,291
286,292
286,293
286,294
286,295
286,296
286,297
286,298
286,299
286,300
286,301
286,302
286,303
286,304
286,305
286,306
286,307
286,308
286,309
286,310
287,288
287,289
287,290
287,291
287,292
287,293
287,294
287,295
287,296
287,297
287,298
287,299
287,300
287,301
287,302
287,303
287,304
287,305
287,306
287,307
287,308
287,309
287,310
288,289
288,290
288,291
288,292
288,293
288,294
288,295
288,296
288,297
288,298
288,299
288,300
288,301
288,302
288,303
288,304
288,305
288,306
288,307
288,308
288,309
288,310
289,290
289,291
289,292
289,293
289,294
289,295
289,296
289,297
289,298
289,299
289,300
289,301
289,302
289,303
289,304
289,305
289,306
289,307
289,308
289,309
289,310
290,291
290,292
290,293
290,294
290,295
290,296
290,297
290,298
290,299
290,300
290,301
290,302
290,303
290,304
290,305
290,306
290,307
290,308
290,309
290,310
291,292
291,293
291,294
291,295
291,296
291,297
291,298
291,299
291,300
291,301
291,302
291,303
291,304
291,305
291,306
291,307
291,308
291,309
291,310
292,293
292,294
292,295
292,296
292,297
292,298
292,299
292,300
292,301
292,302
292,303
292,304
292,305
292,306
292,307
292,308
292,309
292,310
293,294
293,295
293,296
293,297
293,298
293,299
293,300
293,301
293,302
293,303
293,304
293,305
293,306
293,307
293,308
293,309
293,310
294,295
294,296
294,297
294,298
294,299
294,300
294,301
294,302
294,303
294,304
294,305
294,306
294,307
294,308
294,309
294,310
295,296
295,297
295,298
295,299
295,300
295,301
295,302
295,303
295,304
295,305
295,306
295,307
295,308
295,309
295,310
296,297
296,298
296,299
296,300
296,301
296,302
296,303
296,304
296,305
296,306
296,307
296,308
296,309
296,310
297,298
297,299
297,300
297,301
297,302
297,303
297,304
297,305
297,306
297,307
297,308
297,309
297,310
298,299
298,300
298,301
298,302
298,303
298,304
298,305
298,306
298,307
298,308
298,309
298,310
299,300
299,301
299,302
299,303
299,304
299,305
299,306
299,307
299,308
299,309
299,310
300,301
300,302
300,303
300,304
300,305
300,306
300,307
300,308
300,309
300,310
301,302
301,303
301,304
301,305
301,306
301,307
301,308
301,309
301,310
302,303
302,304
302,305
302,306
302,307
302,308
302,309
302,310
303,304
303,305
303,306
303,307
303,308
303,309
303,310
304,305
304,306
304,307
304,308
304,309
304,310
305,306
305,307
305,308
305,309
305,310
306,307
306,308
306,309
306,310
307,308
307,309
307,310
308,309
308,310
309,310
305,306
305,307
305,308
305,309
305,310
305,311
305,312
305,313
305,314
305,315
305,316
305,317
305,318
305,319
305,320
305,321
305,322
305,323
305,324
305,325
305,326
305,327
305,328
305,329
305,330
305,331
305,332
305,333
305,334
306,307
306,308
306,309
306,310
306,311
306,312
306,313
306,314
306,315
306,316
306,317
306,318
306,319
306,320
306,321
306,322
306,323
306,324
306,325
306,326
306,327
306,328
306,329
306,330
306,331
306,332
306,333
306,334
307,308
307,309
307,310
307,311
307,312
307,313
307,314
307,315
307,316
307,317
307,318
307,319
307,320
307,321
307,322
307,323
307,324
307,325
307,326
307,327
307,328
307,329
307,330
307,331
307,332
307,333
307,334
308,309
308,310
308,311
308,312
308,313
308,314
308,315
308,316
308,317
308,318
308,319
308,320
308,321
308,322
308,323
308,324
308,325
308,326
308,327
308,328
308,329
308,330
308,331
308,332
308,333
308,334
309,310
309,311
309,312
309,313
309,314
309,315
309,316
309,317
309,318
309,319
309,320
309,321
309,322
309,323
309,324
309,325
309,326
309,327
309,328
309,329
309,330
309,331
309,332
309,333
309,334
310,311
310,312
310,313
310,314
310,315
310,316
310,317
310,318
310,319
310,320
310,321
310,322
310,323
310,324
310,325
310,326
310,327
310,328
310,329
310,330
310,331
310,332
310,333
310,334
311,312
311,313
311,314
311,315
311,316
311,317
311,318
311,319
311,320
311,321
311,322
311,323
311,324
311,325
311,326
311,327
311,328
311,329
311,330
311,331
311,332
311,333
311,334
312,313
312,314
312,315
312,316
312,317
312,318
312,319
312,320
312,321
312,322
312,323
312,324
312,325
312,326
312,327
312,328
312,329
312,330
312,331
312,332
312,333
312,334
313,314
313,315
313,316
313,317
313,318
313,319
313,320
313,321
313,322
313,323
313,324
313,325
313,326
313,327
313,328
313,329
313,330
313,331
313,332
313,333
313,334
314,315
314,316
314,317
314,318
314,319
314,320
314,321
314,322
314,323
314,324
314,325
314,326
314,327
314,328
314,329
314,330
314,331
314,332
314,333
314,334
315,316
315,317
315,318
315,319
315,320
315,321
315,322
315,323
315,324
315,325
315,326
315,327
315,328
315,329
315,330
315,331
315,332
315,333
315,334
316,317
316,318
316,319
316,320
316,321
316,322
316,323
316,324
316,325
316,326
316,327
316,328
316,329
316,330
316,331
316,332
316,333
316,334
317,318
317,319
317,320
317,321
317,322
317,323
317,324
317,325
317,326
317,327
317,328
317,329
317,330
317,331
317,332
317,333
317,334
318,319
318,320
318,321
318,322
318,323
318,324
318,325
318,326
318,327
318,328
318,329
318,330
318,331
318,332
318,333
318,334
319,320
319,321
319,322
319,323
319,324
319,325
319,326
319,327
319,328
319,329
319,330
319,331
319,332
319,333
319,334
320,321
320,322
320,323
320,324
320,325
320,326
320,327
320,328
320,329
320,330
320,331
320,332
320,333
320,334
321,322
321,323
321,324
321,325
321,326
321,327
321,328
321,329
321,330
321,331
321,332
321,333
321,334
322,323
322,324
322,325
322,326
322,327
322,328
322,329
322,330
322,331
322,332
322,333
322,334
323,324
323,325
323,326
323,327
323,328
323,329
323,330
323,331
323,332
323,333
323,334
324,325
324,326
324,327
324,328
324,329
324,330
324,331
324,332
324,333
324,334
325,326
325,327
325,328
325,329
325,330
325,331
325,332
325,333
325,334
326,327
326,328
326,329
326,330
326,331
326,332
326,333
326,334
327,328
327,329
327,330
327,331
327,332
327,333
327,334
328,329
328,330
328,331
328,332
328,333
328,334
329,330
329,331
329,332
329,333
329,334
330,331
330,332
330,333
330,334
331,332
331,333
331,334
332,333
332,334
333,334
327,328
327,329
327,330
327,331
327,332
327,333
327,334
327,335
327,336
327,337
327,338
327,339
327,340
327,341
327,342
327,343
327,344
327,345
327,346
327,347
327,348
327,349
327,350
327,351
327,352
327,353
327,354
327,355
328,329
328,330
328,331
328,332
328,333
328,334
328,335
328,336
328,337
328,338
328,339
328,340
328,341
328,342
328,343
328,344
328,345
328,346
328,347
328,348
328,349
328,350
328,351
328,352
328,353
328,354
328,355
329,330
329,331
329,332
329,333
329,334
329,335
329,336
329,337
329,338
329,339
329,340
329,341
329,342
329,343
329,344
329,345
329,346
329,347
329,348
329,349
329,350
329,351
329,352
329,353
329,354
329,355
330,331
330,332
330,333
330,334
330,335
330,336
330,337
330,338
330,339
330,340
330,341
330,342
330,343
330,344
330,345
330,346
330,347
330,348
330,349
330,350
330,351
330,352
330,353
330,354
330,355
331,332
331,333
331,334
331,335
331,336
331,337
331,338
331,339
331,340
331,341
331,342
331,343
331,344
331,345
331,346
331,347
331,348
331,349
331,350
331,351
331,352
331,353
331,354
331,355
332,333
332,334
332,335
332,336
332,337
332,338
332,339
332,340
332,341
332,342
332,343
332,344
332,345
332,346
332,347
332,348
332,349
332,350
332,351
332,352
332,353
332,354
332,355
333,334
333,335
333,336
333,337
333,338
333,339
333,340
333,341
333,342
333,343
333,344
333,345
333,346
333,347
333,348
333,349
333,350
333,351
333,352
333,353
333,354
333,355
334,335
334,336
334,337
334,338
334,339
334,340
334,341
334,342
334,343
334,344
334,345
334,346
334,347
334,348
334,349
334,350
334,351
334,352
334,353
334,354
334,355
335,336
335,337
335,338
335,339
335,340
335,341
335,342
335,343
335,344
335,345
335,346
335,347
335,348
335,349
335,350
335,351
335,352
335,353
335,354
335,355
336,337
336,338
336,339
336,340
336,341
336,342
336,343
336,344
336,345
336,346
336,347
336,348
336,349
336,350
336,351
336,352
336,353
336,354
336,355
337,338
337,339
337,340
337,341
337,342
337,343
337,344
337,345
337,346
337,347
337,348
337,349
337,350
337,351
337,352
337,353
337,354
337,355
338,339
338,340
338,341
338,342
338,343
338,344
338,345
338,346
338,347
338,348
338,349
338,350
338,351
338,352
338,353
338,354
338,355
339,340
339,341
339,342
339,343
339,344
339,345
339,346
339,347
339,348
339,349
339,350
339,351
339,352
339,353
339,354
339,355
340,341
340,342
340,343
340,344
340,345
340,346
340,347
340,348
340,349
340,350
340,351
340,352
340,353
340,354
340,355
341,342
341,343
341,344
341,345
341,346
341,347
341,348
341,349
341,350
341,351
341,352
341,353
341,354
341,355
342,343
342,344
342,345
342,346
342,347
342,348
342,349
342,350
342,351
342,352
342,353
342,354
342,355
343,344
343,345
343,346
343,347
343,348
343,349
343,350
343,351
343,352
343,353
343,354
343,355
344,345
344,346
344,347
344,348
344,349
344,350
344,351
344,352
344,353
344,354
344,355
345,346
345,347
345,348
345,349
345,350
345,351
345,352
345,353
345,354
345,355
346,347
346,348
346,349
346,350
346,351
346,352
346,353
346,354
346,355
347,348
347,349
347,350
347,351
347,352
347,353
347,354
347,355
348,349
348,350
348,351
348,352
348,353
348,354
348,355
349,350
349,351
349,352
349,353
349,354
349,355
350,351
350,352
350,353
350,354
350,355
351,352
351,353
351,354
351,355
352,353
352,354
352,355
353,354
353,355
354,355
348,349
348,350
348,351
348,352
348,353
348,354
348,355
348,356
348,357
348,358
348,359
348,360
348,361
348,362
348,363
348,364
348,365
348,366
348,367
348,368
348,369
348,370
348,371
348,372
348,373
348,374
348,375
348,376
349,350
349,351
349,352
349,353
349,354
349,355
349,356
349,357
349,358
349,359
349,360
349,361
349,362
349,363
349,364
349,365
349,366
349,367
349,368
349,369
349,370
349,371
349,372
349,373
349,374
349,375
349,376
350,351
350,352
350,353
350,354
350,355
350,356
350,357
350,358
350,359
350,360
350,361
350,362
350,363
350,364
350,365
350,366
350,367
350,368
350,369
350,370
350,371
350,372
350,373
350,374
350,375
350,376
351,352
351,353
351,354
351,355
351,356
351,357
351,358
351,359
351,360
351,361
351,362
351,363
351,364
351,365
351,366
351,367
351,368
351,369
351,370
351,371
351,372
351,373
351,374
351,375
351,376
352,353
352,354
352,355
352,356
352,357
352,358
352,359
352,360
352,361
352,362
352,363
352,364
352,365
352,366
352,367
352,368
352,369
352,370
352,371
352,372
352,373
352,374
352,375
352,376
353,354
353,355
353,356
353,357
353,358
353,359
353,360
353,361
353,362
353,363
353,364
353,365
353,366
353,367
353,368
353,369
353,370
353,371
353,372
353,373
353,374
353,375
353,376
354,355
354,356
354,357
354,358
354,359
354,360
354,361
354,362
354,363
354,364
354,365
354,366
354,367
354,368
354,369
354,370
354,371
354,372
354,373
354,374
354,375
354,376
355,356
355,357
355,358
355,359
355,360
355,361
355,362
355,363
355,364
355,365
355,366
355,367
355,368
355,369
355,370
355,371
355,372
355,373
355,374
355,375
355,376
356,357
356,358
356,359
356,360
356,361
356,362
356,363
356,364
356,365
356,366
356,367
356,368
356,369
356,370
356,371
356,372
356,373
356,374
356,375
356,376
357,358
357,359
357,360
357,361
357,362
357,363
357,364
357,365
357,366
357,367
357,368
357,369
357,370
357,371
357,372
357,373
357,374
357,375
357,376
358,359
358,360
358,361
358,362
358,363
358,364
358,365
358,366
358,367
358,368
358,369
358,370
358,371
358,372
358,373
358,374
358,375
358,376
359,360
359,361
359,362
359,363
359,364
359,365
359,366
359,367
359,368
359,369
359,370
359,371
359,372
359,373
359,374
359,375
359,376
360,361
360,362
360,363
360,364
360,365
360,366
360,367
360,368
360,369
360,370
360,371
360,372
360,373
360,374
360,375
360,376
361,362
361,363
361,364
361,365
361,366
361,367
361,368
361,369
361,370
361,371
361,372
361,373
361,374
361,375
361,376
362,363
362,364
362,365
362,366
362,367
362,368
362,369
362,370
362,371
362,372
362,373
362,374
362,375
362,376
363,364
363,365
363,366
363,367
363,368
363,369
363,370
363,371
363,372
363,373
363,374
363,375
363,376
364,365
364,366
364,367
364,368
364,369
364,370
364,371
364,372
364,373
364,374
364,375
364,376
365,366
365,367
365,368
365,369
365,370
365,371
365,372
365,373
365,374
365,375
365,376
366,367
366,368
366,369
366,370
366,371
366,372
366,373
366,374
366,375
366,376
367,368
367,369
367,370
367,371
367,372
367,373
367,374
367,375
367,376
368,369
368,370
368,371
368,372
368,373
368,374
368,375
368,376
369,370
369,371
369,372
369,373
369,374
369,375
369,376
370,371
370,372
370,373
370,374
370,375
370,376
371,372
371,373
371,374
371,375
371,376
372,373
372,374
372,375
372,376
373,374
373,375
373,376
374,375
374,376
375,376
371,372
371,373
371,374
371,375
371,376
371,377
371,378
371,379
371,380
371,381
371,382
371,383
371,384
371,385
371,386
371,387
371,388
371,389
371,390
371,391
371,392
371,393
371,394
371,395
371,396
371,397
371,398
372,373
372,374
372,375
372,376
372,377
372,378
372,379
372,380
372,381
372,382
372,383
372,384
372,385
372,386
372,387
372,388
372,389
372,390
372,391
372,392
372,393
372,394
372,395
372,396
372,397
372,398
373,374
373,375
373,376
373,377
373,378
373,379
373,380
373,381
373,382
373,383
373,384
373,385
373,386
373,387
373,388
373,389
373,390
373,391
373,392
373,393
373,394
373,395
373,396
373,397
373,398
374,375
374,376
374,377
374,378
374,379
374,380
374,381
374,382
374,383
374,384
374,385
374,386
374,387
374,388
374,389
374,390
374,391
374,392
374,393
374,394
374,395
374,396
374,397
374,398
375,376
375,377
375,378
375,379
375,380
375,381
375,382
375,383
375,384
375,385
375,386
375,387
375,388
375,389
375,390
375,391
375,392
375,393
375,394
375,395
375,396
375,397
375,398
376,377
376,378
376,379
376,380
376,381
376,382
376,383
376,384
376,385
376,386
376,387
376,388
376,389
376,390
376,391
376,392
376,393
376,394
376,395
376,396
376,397
376,398
377,378
377,379
377,380
377,381
377,382
377,383
377,384
377,385
377,386
377,387
377,388
377,389
377,390
377,391
377,392
377,393
377,394
377,395
377,396
377,397
377,398
378,379
378,380
378,381
378,382
378,383
378,384
378,385
378,386
378,387
378,388
378,389
378,390
378,391
378,392
378,393
378,394
378,395
378,396
378,397
378,398
379,380
379,381
379,382
379,383
379,384
379,385
379,386
379,387
379,388
379,389
379,390
379,391
379,392
379,393
379,394
379,395
379,396
379,397
379,398
380,381
380,382
380,383
380,384
380,385
380,386
380,387
380,388
380,389
380,390
380,391
380,392
380,393
380,394
380,395
380,396
380,397
380,398
381,382
381,383
381,384
381,385
381,386
381,387
381,388
381,389
381,390
381,391
381,392
381,393
381,394
381,395
381,396
381,397
381,398
382,383
382,384
382,385
382,386
382,387
382,388
382,389
382,390
382,391
382,392
382,393
382,394
382,395
382,396
382,397
382,398
383,384
383,385
383,386
383,387
383,388
383,389
383,390
383,391
383,392
383,393
383,394
383,395
383,396
383,397
383,398
384,385
384,386
384,387
384,388
384,389
384,390
384,391
384,392
384,393
384,394
384,395
384,396
384,397
384,398
385,386
385,387
385,388
385,389
385,390
385,391
385,392
385,393
385,394
385,395
385,396
385,397
385,398
386,387
386,388
386,389
386,390
386,391
386,392
386,393
386,394
386,395
386,396
386,397
386,398
387,388
387,389
387,390
387,391
387,392
387,393
387,394
387,395
387,396
387,397
387,398
388,389
388,390
388,391
388,392
388,393
388,394
388,395
388,396
388,397
388,398
389,390
389,391
389,392
389,393
389,394
389,395
389,396
389,397
389,398
390,391
390,392
390,393
390,394
390,395
390,396
390,397
390,398
391,392
391,393
391,394
391,395
391,396
391,397
391,398
392,393
392,394
392,395
392,396
392,397
392,398
393,394
393,395
393,396
393,397
393,398
394,395
394,396
394,397
394,398
395,396
395,397
395,398
396,397
396,398
397,398
394,395
394,396
394,397
394,398
394,399
394,400
394,401
394,402
394,403
394,404
394,405
394,406
394,407
394,408
394,409
394,410
394,411
394,412
394,413
394,414
394,415
394,416
394,417
394,418
394,419
394,420
394,421
395,396
395,397
395,398
395,399
395,400
395,401
395,402
395,403
395,404
395,405
395,406
395,407
395,408
395,409
395,410
395,411
395,412
395,413
395,414
395,415
395,416
395,417
395,418
395,419
395,420
395,421
396,397
396,398
396,399
396,400
396,401
396,402
396,403
396,404
396,405
396,406
396,407
396,408
396,409
396,410
396,411
396,412
396,413
396,414
396,415
396,416
396,417
396,418
396,419
396,420
396,421
397,398
397,399
397,400
397,401
397,402
397,403
397,404
397,405
397,406
397,407
397,408
397,409
397,410
397,411
397,412
397,413
397,414
397,415
397,416
397,417
397,418
397,419
397,420
397,421
398,399
398,400
398,401
398,402
398,403
398,404
398,405
398,406
398,407
398,408
398,409
398,410
398,411
398,412
398,413
398,414
398,415
398,416
398,417
398,418
398,419
398,420
398,421
399,400
399,401
399,402
399,403
399,404
399,405
399,406
399,407
399,408
399,409
399,410
399,411
399,412
399,413
399,414
399,415
399,416
399,417
399,418
399,419
399,420
399,421
400,401
400,402
400,403
400,404
400,405
400,406
400,407
400,408
400,409
400,410
400,411
400,412
400,413
400,414
400,415
400,416
400,417
400,418
400,419
400,420
400,421
401,402
401,403
401,404
401,405
401,406
401,407
401,408
401,409
401,410
401,411
401,412
401,413
401,414
401,415
401,416
401,417
401,418
401,419
401,420
401,421
402,403
402,404
402,405
402,406
402,407
402,408
402,409
402,410
402,411
402,412
402,413
402,414
402,415
402,416
402,417
402,418
402,419
402,420
402,421
403,404
403,405
403,406
403,407
403,408
403,409
403,410
403,411
403,412
403,413
403,414
403,415
403,416
403,417
403,418
403,419
403,420
403,421
404,405
404,406
404,407
404,408
404,409
404,410
404,411
404,412
404,413
404,414
404,415
404,416
404,417
404,418
404,419
404,420
404,421
405,406
405,407
405,408
405,409
405,410
405,411
405,412
405,413
405,414
405,415
405,416
405,417
405,418
405,419
405,420
405,421
406,407
406,408
406,409
406,410
406,411
406,412
406,413
406,414
406,415
406,416
406,417
406,418
406,419
406,420
406,421
407,408
407,409
407,410
407,411
407,412
407,413
407,414
407,415
407,416
407,417
407,418
407,419
407,420
407,421
408,409
408,410
408,411
408,412
408,413
408,414
408,415
408,416
408,417
408,418
408,419
408,420
408,421
409,410
409,411
409,412
409,413
409,414
409,415
409,416
409,417
409,418
409,419
409,420
409,421
410,411
410,412
410,413
410,414
410,415
410,416
410,417
410,418
410,419
410,420
410,421
411,412
411,413
411,414
411,415
411,416
411,417
411,418
411,419
411,420
411,421
412,413
412,414
412,415
412,416
412,417
412,418
412,419
412,420
412,421
413,414
413,415
413,416
413,417
413,418
413,419
413,420
413,421
414,415
414,416
414,417
414,418
414,419
414,420
414,421
415,416
415,417
415,418
415,419
415,420
415,421
416,417
416,418
416,419
416,420
416,421
417,418
417,419
417,420
417,421
418,419
418,420
418,421
419,420
419,421
420,421
414,415
414,416
414,417
414,418
414,419
414,420
414,421
414,422
414,423
414,424
414,425
414,426
414,427
414,428
414,429
414,430
414,431
414,432
414,433
414,434
414,435
414,436
414,437
414,438
414,439
414,440
414,441
414,442
415,416
415,417
415,418
415,419
415,420
415,421
415,422
415,423
415,424
415,425
415,426
415,427
415,428
415,429
415,430
415,431
415,432
415,433
415,434
415,435
415,436
415,437
415,438
415,439
415,440
415,441
415,442
416,417
416,418
416,419
416,420
416,421
416,422
416,423
416,424
416,425
416,426
416,427
416,428
416,429
416,430
416,431
416,432
416,433
416,434
416,435
416,436
416,437
416,438
416,439
416,440
416,441
416,442
417,418
417,419
417,420
417,421
417,422
417,423
417,424
417,425
417,426
417,427
417,428
417,429
417,430
417,431
417,432
417,433
417,434
417,435
417,436
417,437
417,438
417,439
417,440
417,441
417,442
418,419
418,420
418,421
418,422
418,423
418,424
418,425
418,426
418,427
418,428
418,429
418,430
418,431
418,432
418,433
418,434
418,435
418,436
418,437
418,438
418,439
418,440
418,441
418,442
419,420
419,421
419,422
419,423
419,424
419,425
419,426
419,427
419,428
419,429
419,430
419,431
419,432
419,433
419,434
419,435
419,436
419,437
419,438
419,439
419,440
419,441
419,442
420,421
420,422
420,423
420,424
420,425
420,426
420,427
420,428
420,429
420,430
420,431
420,432
420,433
420,434
420,435
420,436
420,437
420,438
420,439
420,440
420,441
420,442
421,422
421,423
421,424
421,425
421,426
421,427
421,428
421,429
421,430
421,431
421,432
421,433
421,434
421,435
421,436
421,437
421,438
421,439
421,440
421,441
421,442
422,423
422,424
422,425
422,426
422,427
422,428
422,429
422,430
422,431
422,432
422,433
422,434
422,435
422,436
422,437
422,438
422,439
422,440
422,441
422,442
423,424
423,425
423,426
423,427
423,428
423,429
423,430
423,431
423,432
423,433
423,434
423,435
423,436
423,437
423,438
423,439
423,440
423,441
423,442
424,425
424,426
424,427
424,428
424,429
424,430
424,431
424,432
424,433
424,434
424,435
424,436
424,437
424,438
424,439
424,440
424,441
424,442
425,426
425,427
425,428
425,429
425,430
425,431
425,432
425,433
425,434
425,435
425,436
425,437
425,438
425,439
425,440
425,441
425,442
426,427
426,428
426,429
426,430
426,431
426,432
426,433
426,434
426,435
426,436
426,437
426,438
426,439
426,440
426,441
426,442
427,428
427,429
427,430
427,431
427,432
427,433
427,434
427,435
427,436
427,437
427,438
427,439
427,440
427,441
427,442
428,429
428,430
428,431
428,432
428,433
428,434
428,435
428,436
428,437
428,438
428,439
428,440
428,441
428,442
429,430
429,431
429,432
429,433
429,434
429,435
429,436
429,437
429,438
429,439
429,440
429,441
429,442
430,431
430,432
430,433
430,434
430,435
430,436
430,437
430,438
430,439
430,440
430,441
430,442
431,432
431,433
431,434
431,435
431,436
431,437
431,438
431,439
431,440
431,441
431,442
432,433
432,434
432,435
432,436
432,437
432,438
432,439
432,440
432,441
432,442
433,434
433,435
433,436
433,437
433,438
433,439
433,440
433,441
433,442
434,435
434,436
434,437
434,438
434,439
434,440
434,441
434,442
435,436
435,437
435,438
435,439
435,440
435,441
435,442
436,437
436,438
436,439
436,440
436,441
436,442
437,438
437,439
437,440
437,441
437,442
438,439
438,440
438,441
438,442
439,440
439,441
439,442
440,441
440,442
441,442
435,436
435,437
435,438
435,439
435,440
435,441
435,442
435,443
435,444
435,445
435,446
435,447
435,448
435,449
435,450
435,451
435,452
435,453
435,454
435,455
435,456
435,457
435,458
435,459
435,460
435,461
435,462
435,463
436,437
436,438
436,439
436,440
436,441
436,442
436,443
436,444
436,445
436,446
436,447
436,448
436,449
436,450
436,451
436,452
436,453
436,454
436,455
436,456
436,457
436,458
436,459
436,460
436,461
436,462
436,463
437,438
437,439
437,440
437,441
437,442
437,443
437,444
437,445
437,446
437,447
437,448
437,449
437,450
437,451
437,452
437,453
437,454
437,455
437,456
437,457
437,458
437,459
437,460
437,461
437,462
437,463
438,439
438,440
438,441
438,442
438,443
438,444
438,445
438,446
438,447
438,448
438,449
438,450
438,451
438,452
438,453
438,454
438,455
438,456
438,457
438,458
438,459
438,460
438,461
438,462
438,463
439,440
439,441
439,442
439,443
439,444
439,445
439,446
439,447
439,448
439,449
439,450
439,451
439,452
439,453
439,454
439,455
439,456
439,457
439,458
439,459
439,460
439,461
439,462
439,463
440,441
440,442
440,443
440,444
440,445
440,446
440,447
440,448
440,449
440,450
440,451
440,452
440,453
440,454
440,455
440,456
440,457
440,458
440,459
440,460
440,461
440,462
440,463
441,442
441,443
441,444
441,445
441,446
441,447
441,448
441,449
441,450
441,451
441,452
441,453
441,454
441,455
441,456
441,457
441,458
441,459
441,460
441,461
441,462
441,463
442,443
442,444
442,445
442,446
442,447
442,448
442,449
442,450
442,451
442,452
442,453
442,454
442,455
442,456
442,457
442,458
442,459
442,460
442,461
442,462
442,463
443,444
443,445
443,446
443,447
443,448
443,449
443,450
443,451
443,452
443,453
443,454
443,455
443,456
443,457
443,458
443,459
443,460
443,461
443,462
443,463
444,445
444,446
444,447
444,448
444,449
444,450
444,451
444,452
444,453
444,454
444,455
444,456
444,457
444,458
444,459
444,460
444,461
444,462
444,463
445,446
445,447
445,448
445,449
445,450
445,451
445,452
445,453
445,454
445,455
445,456
445,457
445,458
445,459
445,460
445,461
445,462
445,463
446,447
446,448
446,449
446,450
446,451
446,452
446,453
446,454
446,455
446,456
446,457
446,458
446,459
446,460
446,461
446,462
446,463
447,448
447,449
447,450
447,451
447,452
447,453
447,454
447,455
447,456
447,457
447,458
447,459
447,460
447,461
447,462
447,463
448,449
448,450
448,451
448,452
448,453
448,454
448,455
448,456
448,457
448,458
448,459
448,460
448,461
448,462
448,463
449,450
449,451
449,452
449,453
449,454
449,455
449,456
449,457
449,458
449,459
449,460
449,461
449,462
449,463
450,451
450,452
450,453
450,454
450,455
450,456
450,457
450,458
450,459
450,460
450,461
450,462
450,463
451,452
451,453
451,454
451,455
451,456
451,457
451,458
451,459
451,460
451,461
451,462
451,463
452,453
452,454
452,455
452,456
452,457
452,458
452,459
452,460
452,461
452,462
452,463
453,454
453,455
453,456
453,457
453,458
453,459
453,460
453,461
453,462
453,463
454,455
454,456
454,457
454,458
454,459
454,460
454,461
454,462
454,463
455,456
455,457
455,458
455,459
455,460
455,461
455,462
455,463
456,457
456,458
456,459
456,460
456,461
456,462
456,463
457,458
457,459
457,460
457,461
457,462
457,463
458,459
458,460
458,461
458,462
458,463
459,460
459,461
459,462
459,463
460,461
460,462
460,463
461,462
461,463
462,463
455,456
455,457
455,458
455,459
455,460
455,461
455,462
455,463
455,464
455,465
455,466
455,467
455,468
455,469
455,470
455,471
455,472
455,473
455,474
455,475
455,476
455,477
455,478
455,479
455,480
455,481
455,482
455,483
455,484
456,457
456,458
456,459
456,460
456,461
456,462
456,463
456,464
456,465
456,466
456,467
456,468
456,469
456,470
456,471
456,472
456,473
456,474
456,475
456,476
456,477
456,478
456,479
456,480
456,481
456,482
456,483
456,484
457,458
457,459
457,460
457,461
457,462
457,463
457,464
457,465
457,466
457,467
457,468
457,469
457,470
457,471
457,472
457,473
457,474
457,475
457,476
457,477
457,478
457,479
457,480
457,481
457,482
457,483
457,484
458,459
458,460
458,461
458,462
458,463
458,464
458,465
458,466
458,467
458,468
458,469
458,470
458,471
458,472
458,473
458,474
458,475
458,476
458,477
458,478
458,479
458,480
458,481
458,482
458,483
458,484
459,460
459,461
459,462
459,463
459,464
459,465
459,466
459,467
459,468
459,469
459,470
459,471
459,472
459,473
459,474
459,475
459,476
459,477
459,478
459,479
459,480
459,481
459,482
459,483
459,484
460,461
460,462
460,463
460,464
460,465
460,466
460,467
460,468
460,469
460,470
460,471
460,472
460,473
460,474
460,475
460,476
460,477
460,478
460,479
460,480
460,481
460,482
460,483
460,484
461,462
461,463
461,464
461,465
461,466
461,467
461,468
461,469
461,470
461,471
461,472
461,473
461,474
461,475
461,476
461,477
461,478
461,479
461,480
461,481
461,482
461,483
461,484
462,463
462,464
462,465
462,466
462,467
462,468
462,469
462,470
462,471
462,472
462,473
462,474
462,475
462,476
462,477
462,478
462,479
462,480
462,481
462,482
462,483
462,484
463,464
463,465
463,466
463,467
463,468
463,469
463,470
463,471
463,472
463,473
463,474
463,475
463,476
463,477
463,478
463,479
463,480
463,481
463,482
463,483
463,484
464,465
464,466
464,467
464,468
464,469
464,470
464,471
464,472
464,473
464,474
464,475
464,476
464,477
464,478
464,479
464,480
464,481
464,482
464,483
464,484
465,466
465,467
465,468
465,469
465,470
465,471
465,472
465,473
465,474
465,475
465,476
465,477
465,478
465,479
465,480
465,481
465,482
465,483
465,484
466,467
466,468
466,469
466,470
466,471
466,472
466,473
466,474
466,475
466,476
466,477
466,478
466,479
466,480
466,481
466,482
466,483
466,484
467,468
467,469
467,470
467,471
467,472
467,473
467,474
467,475
467,476
467,477
467,478
467,479
467,480
467,481
467,482
467,483
467,484
468,469
468,470
468,471
468,472
468,473
468,474
468,475
468,476
468,477
468,478
468,479
468,480
468,481
468,482
468,483
468,484
469,470
469,471
469,472
469,473
469,474
469,475
469,476
469,477
469,478
469,479
469,480
469,481
469,482
469,483
469,484
470,471
470,472
470,473
470,474
470,475
470,476
470,477
470,478
470,479
470,480
470,481
470,482
470,483
470,484
471,472
471,473
471,474
471,475
471,476
471,477
471,478
471,479
471,480
471,481
471,482
471,483
471,484
472,473
472,474
472,475
472,476
472,477
472,478
472,479
472,480
472,481
472,482
472,483
472,484
473,474
473,475
473,476
473,477
473,478
473,479
473,480
473,481
473,482
473,483
473,484
474,475
474,476
474,477
474,478
474,479
474,480
474,481
474,482
474,483
474,484
475,476
475,477
475,478
475,479
475,480
475,481
475,482
475,483
475,484
476,477
476,478
476,479
476,480
476,481
476,482
476,483
476,484
477,478
477,479
477,480
477,481
477,482
477,483
477,484
478,479
478,480
478,481
478,482
478,483
478,484
479,480
479,481
479,482
479,483
479,484
480,481
480,482
480,483
480,484
481,482
481,483
481,484
482,483
482,484
483,484
478,479
478,480
478,481
478,482
478,483
478,484
478,485
478,486
478,487
478,488
478,489
478,490
478,491
478,492
478,493
478,494
478,495
478,496
478,497
478,498
478,499
478,500
478,501
479,480
479,481
479,482
479,483
479,484
479,485
479,486
479,487
479,488
479,489
479,490
479,491
479,492
479,493
479,494
479,495
479,496
479,497
479,498
479,499
479,500
479,501
480,481
480,482
480,483
480,484
480,485
480,486
480,487
480,488
480,489
480,490
480,491
480,492
480,493
480,494
480,495
480,496
480,497
480,498
480,499
480,500
480,501
481,482
481,483
481,484
481,485
481,486
481,487
481,488
481,489
481,490
481,491
481,492
481,493
481,494
481,495
481,496
481,497
481,498
481,499
481,500
481,501
482,483
482,484
482,485
482,486
482,487
482,488
482,489
482,490
482,491
482,492
482,493
482,494
482,495
482,496
482,497
482,498
482,499
482,500
482,501
483,484
483,485
483,486
483,487
483,488
483,489
483,490
483,491
483,492
483,493
483,494
483,495
483,496
483,497
483,498
483,499
483,500
483,501
484,485
484,486
484,487
484,488
484,489
484,490
484,491
484,492
484,493
484,494
484,495
484,496
484,497
484,498
484,499
484,500
484,501
485,486
485,487
485,488
485,489
485,490
485,491
485,492
485,493
485,494
485,495
485,496
485,497
485,498
485,499
485,500
485,501
486,487
486,488
486,489
486,490
486,491
486,492
486,493
486,494
486,495
486,496
486,497
486,498
486,499
486,500
486,501
487,488
487,489
487,490
487,491
487,492
487,493
487,494
487,495
487,496
487,497
487,498
487,499
487,500
487,501
488,489
488,490
488,491
488,492
488,493
488,494
488,495
488,496
488,497
488,498
488,499
488,500
488,501
489,490
489,491
489,492
489,493
489,494
489,495
489,496
489,497
489,498
489,499
489,500
489,501
490,491
490,492
490,493
490,494
490,495
490,496
490,497
490,498
490,499
490,500
490,501
491,492
491,493
491,494
491,495
491,496
491,497
491,498
491,499
491,500
491,501
492,493
492,494
492,495
492,496
492,497
492,498
492,499
492,500
492,501
493,494
493,495
493,496
493,497
493,498
493,499
493,500
493,501
494,495
494,496
494,497
494,498
494,499
494,500
494,501
495,496
495,497
495,498
495,499
495,500
495,501
496,497
496,498
496,499
496,500
496,501
497,498
497,499
497,500
497,501
498,499
498,500
498,501
499,500
499,501
500,501
F,r,a,g,m,e,n,t, ,I,n,f,o
1.0,22.0,"[1, 2, 3, 4, 5, 6, 7, 8, 9, 10, 11, 12, 13, 14, 15, 16, 17, 18, 19, 20, 21, 22, 23, 24, 25]"
22.0,44.0,"[18, 19, 20, 21, 22, 23, 24, 25, 26, 27, 28, 29, 30, 31, 32, 33, 34, 35, 36, 37, 38, 39, 40, 41, 42, 43, 44, 45, 46]"
44.0,66.0,"[41, 42, 43, 44, 45, 46, 47, 48, 49, 50, 51, 52, 53, 54, 55, 56, 57, 58, 59, 60, 61, 62, 63, 64, 65, 66, 67, 68, 69]"
66.0,88.0,"[63, 64, 65, 66, 67, 68, 69, 70, 71, 72, 73, 74, 75, 76, 77, 78, 79, 80, 81, 82, 83, 84, 85, 86, 87, 88, 89, 90, 91]"
88.0,110.0,"[85, 86, 87, 88, 89, 90, 91, 92, 93, 94, 95, 96, 97, 98, 99, 100, 101, 102, 103, 104, 105, 106, 107, 108, 109, 110, 111, 112]"
110.0,132.0,"[128, 129, 130, 131, 132, 133, 106, 107, 108, 109, 110, 111, 112, 113, 114, 115, 116, 117, 118, 119, 120, 121, 122, 123, 124, 125, 126, 127]"
132.0,154.0,"[129, 130, 131, 132, 133, 134, 135, 136, 137, 138, 139, 140, 141, 142, 143, 144, 145, 146, 147, 148, 149, 150, 151, 152, 153, 154, 155, 156]"
154.0,176.0,"[149, 150, 151, 152, 153, 154, 155, 156, 157, 158, 159, 160, 161, 162, 163, 164, 165, 166, 167, 168, 169, 170, 171, 172, 173, 174, 175, 176, 177]"
176.0,198.0,"[171, 172, 173, 174, 175, 176, 177, 178, 179, 180, 181, 182, 183, 184, 185, 186, 187, 188, 189, 190, 191, 192, 193, 194, 195, 196, 197, 198, 199, 200]"
198.0,220.0,"[194, 195, 196, 197, 198, 199, 200, 201, 202, 203, 204, 205, 206, 207, 208, 209, 210, 211, 212, 213, 214, 215, 216, 217, 218, 219, 220, 221, 222, 223]"
220.0,242.0,"[216, 217, 218, 219, 220, 221, 222, 223, 224, 225, 226, 227, 228, 229, 230, 231, 232, 233, 234, 235, 236, 237, 238, 239, 240, 241, 242, 243, 244, 245]"
242.0,264.0,"[256, 257, 258, 259, 260, 261, 262, 263, 264, 265, 266, 267, 240, 241, 242, 243, 244, 245, 246, 247, 248, 249, 250, 251, 252, 253, 254, 255]"
264.0,286.0,"[260, 261, 262, 263, 264, 265, 266, 267, 268, 269, 270, 271, 272, 273, 274, 275, 276, 277, 278, 279, 280, 281, 282, 283, 284, 285, 286]"
286.0,308.0,"[282, 283, 284, 285, 286, 287, 288, 289, 290, 291, 292, 293, 294, 295, 296, 297, 298, 299, 300, 301, 302, 303, 304, 305, 306, 307, 308, 309, 310]"
308.0,330.0,"[305, 306, 307, 308, 309, 310, 311, 312, 313, 314, 315, 316, 317, 318, 319, 320, 321, 322, 323, 324, 325, 326, 327, 328, 329, 330, 331, 332, 333, 334]"
330.0,352.0,"[327, 328, 329, 330, 331, 332, 333, 334, 335, 336, 337, 338, 339, 340, 341, 342, 343, 344, 345, 346, 347, 348, 349, 350, 351, 352, 353, 354, 355]"
352.0,374.0,"[348, 349, 350, 351, 352, 353, 354, 355, 356, 357, 358, 359, 360, 361, 362, 363, 364, 365, 366, 367, 368, 369, 370, 371, 372, 373, 374, 375, 376]"
374.0,396.0,"[384, 385, 386, 387, 388, 389, 390, 391, 392, 393, 394, 395, 396, 397, 398, 371, 372, 373, 374, 375, 376, 377, 378, 379, 380, 381, 382, 383]"
396.0,418.0,"[394, 395, 396, 397, 398, 399, 400, 401, 402, 403, 404, 405, 406, 407, 408, 409, 410, 411, 412, 413, 414, 415, 416, 417, 418, 419, 420, 421]"
418.0,439.0,"[414, 415, 416, 417, 418, 419, 420, 421, 422, 423, 424, 425, 426, 427, 428, 429, 430, 431, 432, 433, 434, 435, 436, 437, 438, 439, 440, 441, 442]"
439.0,460.0,"[435, 436, 437, 438, 439, 440, 441, 442, 443, 444, 445, 446, 447, 448, 449, 450, 451, 452, 453, 454, 455, 456, 457, 458, 459, 460, 461, 462, 463]"
460.0,481.0,"[455, 456, 457, 458, 459, 460, 461, 462, 463, 464, 465, 466, 467, 468, 469, 470, 471, 472, 473, 474, 475, 476, 477, 478, 479, 480, 481, 482, 483, 484]"
481.0,502.0,"[478, 479, 480, 481, 482, 483, 484, 485, 486, 487, 488, 489, 490, 491, 492, 493, 494, 495, 496, 497, 498, 499, 500, 501]"
